cam1_u,cam1_v,cam2_u,cam2_v,X,Y,Z
572,571,918,685,13.098434379311312,3.8682340557541015,-0.44353900407622904
